{
  "negative": {
    "precision": 0.4687003035998265,
    "recall": 0.8162134944612286,
    "f1-score": 0.5954633115988612,
    "support": 3972.0
  },
  "neutral": {
    "precision": 0.6816934535476283,
    "recall": 0.2929088765369715,
    "f1-score": 0.4097549481621112,
    "support": 5937.0
  },
  "positive": {
    "precision": 0.4850852272727273,
    "recall": 0.5751578947368421,
    "f1-score": 0.526295511462146,
    "support": 2375.0
  },
  "accuracy": 0.5166883751221101,
  "macro avg": {
    "precision": 0.545159661473394,
    "recall": 0.5614267552450141,
    "f1-score": 0.5105045904077062,
    "support": 12284.0
  },
  "weighted avg": {
    "precision": 0.5748102453910378,
    "recall": 0.5166883751221101,
    "f1-score": 0.4923353338189293,
    "support": 12284.0
  }
}