{
  "accuracy": 0.5166883751221101,
  "macro_f1": 0.5105045904077062
}