{
  "negative": {
    "precision": 0.5534941249226963,
    "recall": 0.6759818731117825,
    "f1-score": 0.6086365181910914,
    "support": 3972.0
  },
  "neutral": {
    "precision": 0.6608150470219436,
    "recall": 0.5325922182920667,
    "f1-score": 0.5898153329602686,
    "support": 5937.0
  },
  "positive": {
    "precision": 0.5521148036253777,
    "recall": 0.615578947368421,
    "f1-score": 0.5821222377065499,
    "support": 2375.0
  },
  "accuracy": 0.5950016281341582,
  "macro avg": {
    "precision": 0.5888079918566725,
    "recall": 0.60805101292409,
    "f1-score": 0.59352469628597,
    "support": 12284.0
  },
  "weighted avg": {
    "precision": 0.6050968949017015,
    "recall": 0.5950016281341582,
    "f1-score": 0.5944137248936165,
    "support": 12284.0
  }
}