{
  "accuracy": 0.5950016281341582,
  "macro_f1": 0.59352469628597
}